id,username,text,created_at
1,@vonlykekung1746,"Pertama bpk dan keluarga yg diuji coba, jgn rakyat yg jd kelinci percobaanğŸ˜‚",2025-06-07T23:04:59Z
2,@tandry-ui7gi,"Ayo donk bertemu Pak Dharma, berani gak utk berdebat?",2025-06-07T20:57:04Z
3,@voniponiyawati4458,Bedaaaa covid dg TBCâ—,2025-06-07T12:17:40Z
4,@voniponiyawati4458,Menkes dulu deh di ojossâ—,2025-06-07T12:15:12Z
5,@OkiJeli-w9p,Demi Allah saya nggak ikhlas saya di vaksin.,2025-06-07T08:54:02Z
6,@nanangrahul7905,"Uji coba nya keluarga menkes, dpr mpr dan kementrian saja. Kan katanya mereka wakil rakyat",2025-06-06T22:48:21Z
7,@yadis6075,Negara ancur,2025-06-06T21:31:12Z
8,@JhonatanAcademy,Omong kosong....persetan denganmu Budi Sadikin...mau bikin ulah apalagi kau????proyek aja elu....nyari duit Mulu dri jualan vaksin,2025-06-06T17:20:55Z
9,@nasrulromadoni5656,Halah ngapusiğŸ¤£ğŸ¤£,2025-06-06T16:26:15Z
10,@Meta-iv1zy,Negara lain aj yang berpastisipasi Pak dlm uji vaksin TBC. Indonesia gk butuh,2025-06-06T15:07:10Z
11,@AriGothie,Ahli2 ...AHLI NIPU2 YA PAK MENKES ..... DAPET BERAPA MILYAR NIH IKUT JADI KELINCI PERCOBAAN DARI BG .......RAKYAT YG DI VAKSIN KAMU YG DAPET DUIT ..ADA APA2 KAMU GA MAU TANGGUNG JAWAB,2025-06-06T12:34:13Z
12,@RezaUtama-u1e,Cuan cuan,2025-06-06T02:06:05Z
13,@Samsul-dd4yb,Klou mau vansin kamu aja sama kluarga kamu,2025-06-05T22:59:13Z
14,@jazudrink7583,Saya percaya siti fadilah,2025-06-05T17:41:58Z
15,@jazudrink7583,Menteri antek antek asing,2025-06-05T17:41:36Z
16,@jazudrink7583,Ini menkes lulusan kesehatan bukan? Klo ahli dagang rakyatpun akan ditumbalkan,2025-06-05T17:40:51Z
17,@weasleydollie13467,"Program CKG tuh benerin. Ke puskesmas segala alat yg dibutuhkan buat CKG gak ada . Ujung2nya cuma dapet tes Guldar + Kolestrol. Tp di laporan SATU sehat tau2 ada laporan hasil pemeriksaan telinga, gigi, kanker payudara... DARI MANA WOYY DARI MANA. Mana dibilang gigi bolong. Padahal gigiku ga ada yg bolong.",2025-06-05T13:14:14Z
18,@riyan8956,Saya gak mau dijadikan bahan percobaan...tolak vaksin,2025-06-05T12:57:00Z
19,@rlh1638,Menkes sdh tdk dipercaya masyarakat IND. Copot saja jabatannya.,2025-06-05T09:37:03Z
20,@asheeqa-w2z,Uji coba keluargamu dulu,2025-06-05T05:21:05Z
21,@NurJubahputih,"Ujicoba sih ngga usah langsung ke rakyat, wakilnya dulu dong yg harus pertama nyoba,<br>Nohh banyak wakil2 rakyat duduk manis berjejer, itu aja dulu",2025-06-04T17:41:14Z
22,@harsonogw6620,Uji cobanya terhadap yg ngomong<br>Ngapain<br>Enak aja penyakit kok direncanakan,2025-06-04T15:59:28Z
23,@SultanIskandar-p6b9l,Ngozi choda to dia MP3,2025-06-04T13:07:19Z
24,@SultanIskandar-p6b9l,Kamu orang itu jual obat saja itu,2025-06-04T13:06:40Z
25,@SultanIskandar-p6b9l,Coba kamu uji coba itu pelacur pelacur di hotel itu banyak itu yang bawa kumang-kumang itu,2025-06-04T13:03:24Z
26,@SultanIskandar-p6b9l,Kamu orang itu jual obat itu,2025-06-04T13:02:29Z
27,@SultanIskandar-p6b9l,Kalau ada dokter di rumah sakit di kampung saya yang mau uji coba masyarakat di kampung saya hati-hati dokter itu tidak bakalan akan selamat itu dokter nanti itu,2025-06-04T13:02:13Z
28,@SultanIskandar-p6b9l,Berarti datang penyakit ini dari negara miskin puki ayam itu penyakit,2025-06-04T13:01:09Z
29,@SultanIskandar-p6b9l,Game bicara itu yang dicoba itu,2025-06-04T13:00:29Z
30,@SultanIskandar-p6b9l,Yang kedua diuji coba pemerintahnya itu,2025-06-04T13:00:14Z
31,@SultanIskandar-p6b9l,Yanti uji coba itu dokternya dulu,2025-06-04T12:59:59Z
32,@SultanIskandar-p6b9l,Kalau ada rumah sakit di kampung saya yang mau uji coba masyarakat di kampung saya saya bakar itu rumah sakit,2025-06-04T12:59:46Z
33,@SultanIskandar-p6b9l,Politisi semua kamu orang itu,2025-06-04T12:59:25Z
34,@SultanIskandar-p6b9l,Berarti datang penyakit ini dari negara miskin,2025-06-04T12:59:09Z
35,@SultanIskandar-p6b9l,Yang diuji coba tuh dia yang bicara itu,2025-06-04T12:58:45Z
36,@andikadimas4605,"Keluarga kemenkes, pemerintahan dulu aja yg buat uji coba <br>Kalo ampuh baru ke rakyat <br>Jangan langsung kerakyat mulu yg dijadiin kelinci",2025-06-04T12:22:51Z
37,@henimesie9973,Barti Menkes uji coba dulu beserta petinggi negara jangan rakyat yg jadi bahan uji dulu .ini BPK Menkes harus suntik vaksin dulu harus di depan rakyat .,2025-06-04T11:35:33Z
38,@leonardepsy13,Urgensinya apa ribut tentang vaksinasi? Tiba&quot; bnget,2025-06-04T04:55:12Z
39,@GreFam-t2c,"Kata siapa covid hilng karna vaksin? Itu ente ajh yg asal mengklaim vaksin hilng krna vaksin,bnyak yg gk di vaksin smpe skrang masi sehat2 ajh",2025-06-04T03:57:21Z
40,@JonJpr,UJI COBA PERTAMA HARUS PARA PEJABAT DAN KELUARGA MEREKA. NANTI SETELAH 10 TAHUN BARULAH KEPADA RAKYAT. <br><br>JANGAN PEJABAT YANG ADALAH PENGAMBIL KETURUNAN MENJADIKAN MASYARAKAT SEBAGAI KELINCI PERCOBAAN.,2025-06-03T22:50:58Z
41,@hauysh,pejabatnyaa dulu semua suntikin ya pemerintah anjeng,2025-06-03T22:28:40Z
42,@AntonOscrno,"Coba undang pak mentri kesehatan dan pak dharma ponrekun untk berdebat perihal vaksinasi yg dibikin oleh para elit global, karna mungkin uang yg di sumbangkan bill gates ada maksud tertentu. Perlu di pertanyakan?",2025-06-03T20:55:39Z
43,@GalihJonatan-kr4tx,Prex,2025-06-03T19:25:23Z
44,@jokoprayitno3848,Gak henti2nya korbankan rakyat....belum hilang trauma kita atas vaksinasi covid...<br>Kini tbc jadi kedok....pejabat vaksin dulu depan RAKYAT....!!!!!!!!,2025-06-03T16:15:51Z
45,@ardhyKohe,Banyak yg meninggl aja indonesia gak sanggup sejahtrakan. Bahkan yg tidur di kolong jembatan saja masih banyak bagaimana kalau hidup semua. Indonesia ini mau jadi apa,2025-06-03T15:58:58Z
46,@muhammadainur4380,HeranğŸ˜‚ğŸ˜‚ğŸ˜‚<br>Bapak kemenkes aja yg divaksin<br>Kami menolak vaksin tbc,2025-06-03T15:07:48Z
47,@aslan0258,"Klo ngk safety vaksin nya gmnâ“ anda menyembunyikan sesuatu d sni,ğŸ˜‚ğŸ˜‚ğŸ˜‚ğŸ˜‚",2025-06-03T13:53:15Z
48,@aslan0258,"Klo ngk safety vaksin nya gmnâ“ anda menyembunyikan sesuatu d sni,ğŸ˜‚ğŸ˜‚ğŸ˜‚ğŸ˜‚",2025-06-03T13:53:01Z
49,@aslan0258,"Ad bisnis d dalam ini, PEMBODOHAN LAGI ini.ğŸ˜‚ğŸ˜‚ğŸ˜‚YG mau jdi kelinci percobaan",2025-06-03T13:50:50Z
50,@kusmayadi8652,Jngn mau di suntik  itu uji coba  biar pemerintah dan DPR ja iti kn wakil kita,2025-06-03T13:39:09Z
51,@ArifFauzi-fm1hr,Gah vaksin marai cepet mati.presiden aja am jajarane....aku sehat walafiat amin.,2025-06-03T12:36:42Z
52,@andimelit4711,"Saya lebih percaya pak dharma dari pada Pak menkes. <br>Apalagi jika sosoknya menterinya pun bukan klinisi. <br>Pada akhirnya pakar2 sepesialisasi kesehatan di bawahnya akan dibenturkan dengan kebijakan seperti era covid. <br>Dimana teori2 kesehatannya lebih dominan bermadzhab pesanan asing, ketimbang kepercayaan diri ilmu pengetahuan medis dari dalam negeri. <br>WHO itu sdh menjadi malaikat ketimbang klinisi yg belajar di dalam negeri ğŸ˜¢. <br>Berdiri dengan standard ganda, baik dan buruk 22 nya dimainkan. <br>Tapi pada akhirnya dominan malapetaka",2025-06-03T12:05:59Z
53,@user-zy9oo2yb6u,Bapak aja yg divacsin duluan,2025-06-03T12:05:57Z
54,@pelangijingga6761,Bisakah kasih Data ketika masa Kovid bangsa Israel Ada yang meninggal Karna Kovid??,2025-06-03T09:03:22Z
55,@syafruddinm4122,Bapak bilang kerja sama dengan UI tapi bapak di demo okeh ProfDesan kedokteran  UI Dimana kerjasama,2025-06-03T06:52:51Z
56,@WisnuWardana-b3j,Anjing Jagan banyak alasan  nakut rakyat aja rakyat udah sensara datang penyakit baru lagi boleh cari uang bukan begitu caranya,2025-06-03T06:08:26Z
57,@mamybaru4720,"Suka suka kau ngomong sesuka hati , mengatakan bnyak yg mati karena TBC padahal itu semua hanya bohong",2025-06-03T05:35:01Z
58,@eddysaputra-mw2uc,Vaksin tidak masalah kalo sudah di ujicoba pak. Menkes. Jangan rakyat jadi kelinci percobaan.,2025-06-03T03:59:37Z
59,@ronisusanto3307,Kita hidup sebagai rakyat biasa..Dan di dewan ada perwakilan dr rakyat atau dpr..Untuk uji coba vaksin tbc alahkah baiknya uji coba dilakukan pd para wakil rakyat..Sesudah itu bila diterapkan maka rakyat baru bisa divaksin.,2025-06-03T02:27:16Z
60,@D.I.HMedia,MEREKA PIKIR RAKYAT INDO SKRG BODO ğŸ˜‚ğŸ˜‚ğŸ˜‚ğŸ˜‚ğŸ˜‚,2025-06-02T18:05:19Z
61,@D.I.HMedia,orang tua jaman dlu umurnya pada panjang .soalnya g di vaksin apapun .ğŸ˜‚ğŸ˜‚ğŸ˜‚,2025-06-02T18:01:14Z
62,@ahmadhasanbaktir7540,Vaksin dulu menteri ini.banyak omong.rakyat sdh cerdas.jangan merasa diri paling pintar.,2025-06-02T09:59:21Z
63,@azhartanjung4876,"AGAR PEJABAT PEMERINTAH  DILIHAT SANGAT PERHATIAN KEPADA RAKYATNYA,  UNTUK SUNTIK VAKSIN TBC  DI DAHULUKAN DAHULU KEPADA SELURUH PEJABAT EKSEKUTIF,  LEGISLATIF DAN YUDIKATIF,  BARU RAKYATNYA.",2025-06-02T04:50:07Z
64,@muhammadfaisal5681,Nenemoyang kenapa bukan dirimu sendiri yg dijadikan uji coba,2025-06-02T04:44:34Z
65,@muhammadfaisal5681,"Vaksin tbc yg tidak diterima dinegaranya sendiri yaitu amerika,menteri kesehatan amerika Rfk jr kerasss menolak vaksin bill gates",2025-06-02T04:41:47Z
66,@NaniMartini-q4i,"Udh lh pk,urusan mninggal sudah khendak Alloh,BPK juga blum tentu,BPK aja dlu yg pke, Masyarakat udh PDA ngerti...",2025-06-02T01:38:31Z
67,@jamiagani4763,Paksin memang diperlukan tapi hasil uji coba dari anak bangsa Indonesia sendiri,2025-06-01T20:11:03Z
68,@anggasaputra-gr3fk,Betul tolak keras.,2025-06-01T17:53:18Z
69,@vrm0076,"Mumpung negri konoha banyak kelinci2 percobaan, gaskeennn.<br>Politik dagang lgi aja, bpjs benerin dulu, masi krg tah pajak rakyat, sampai pake rakyat jd kelinci?",2025-06-01T16:16:21Z
70,@WardaDmk123-gg1bq,"ğŸ˜‚ baiknya faxin itu diuji ke keluarga bapak dulu,,, kalau keluarga bapak aman baru ke masyarakat,, tapi kalau keluarga bapak mati ya syukur,,,kami tidak butuh vaxin pak,,yg kami butuhkan Duet,,kemana larinya duet sitaan yg ribuan triliun itu,,??????",2025-06-01T13:32:51Z
71,@TopGlobalOdette88,Disaat negara lain presiden nya melindungi nyawa rakyat nya dari ancaman luar tapi diindonesia prabowo gak perlu apapun itu bahaya yg membahayakan nyawa rakyatnya dari ancaman luar yg ptg cuan bos!,2025-06-01T12:57:43Z
72,@agoestahmad0439,Knapa hrs ada uji coba vaksin TBC yg lain...Apakah bapak menkes sdh tidak percaya lg dgn vaksin BCG selama ini.yg sdh aman.,2025-06-01T09:34:42Z
73,@kumbang3,"Yg dulu milih dia kemana jalian<br><br>Di persilahkan maju untuk di uji coba vaksin nya,kan kalian pendukung nya,,,,<br>Ayo muncul dong",2025-06-01T08:31:21Z
74,@xiayoucheng4775,Silahkan Test uji coba pada RELAWAN berbayar yang mau saja. Di Amerika saja yang bersedia jadi manusia percobaan saja dibayar minimal 2 ribu US $,2025-06-01T06:24:56Z
75,@yulcitogalami3757,Anak cucu dan keluargaku akan sy larang vaksinasi TB,2025-06-01T05:57:07Z
76,@yulcitogalami3757,"Bah gak percaya dgn  vaksin TBC PD org dewasa.....sy puluhan tahun merawat pasien TBC tanpa pakai masker.... sampai sekarang msh sehat...Krn didukung dgn gizi yg tinggi, istrahat yg cukup kami sekeluarga sehat walafiat..... intinya makanan sehat bergizi dan TDK merokok..... bertahun-tahun sejak praktek sampai bekerja PNS merawat pasien TBC yg aktif BTA POSITIF,batuk darah sampai muntah darah......Paru2 bersih dongğŸ˜ŠğŸ˜ŠğŸ˜ŠğŸ˜Š",2025-06-01T05:56:15Z
77,@bengal192,Seluruh pejabat di negara ini saja untuk uji coba vaksin,2025-06-01T05:36:34Z
78,@bakhtiarprasetya2277,Vaksin vaksin tay ajg,2025-06-01T05:35:41Z
79,@Kawalinabesar,"Kenapa ga di uji coba di negara bill gates sono ğŸ˜‚ğŸ˜‚ ini mentri omon omon ğŸ˜‚ğŸ˜‚ğŸ˜‚ vaksin efektif jika sudah dapat dipertanggungjawabkan, nah ini belum dpt dipertanggungkan malah buat kita yg jd kelinciğŸ˜‚ğŸ˜‚ğŸ˜‚ <br>Satu lg yh.... TBC di negara maju juga ada. TBC ga Mandang lu punya uang atw ga ..... ğŸ˜‚ğŸ˜‚ğŸ˜‚",2025-05-31T23:28:27Z
80,@ekaputra9704,Kenapa Ga urusin Buat Pembangkit listrik aja berbasis Nuklir...Sarjana Nuklir kok Jadi Menkes....Kan TololllllllğŸ˜‚ğŸ˜‚ğŸ˜‚,2025-05-31T23:25:13Z
81,@mistergaren,"Kocak uyyyyy , erick sama keluarga jokowi , megawati , aguan , 9 naga , semua anggota dpr (wakil rakyat)  , pejabat2 atas di pemerintahan nkri yg duluan dong suntik vaksin baru ini yg dari bill gates , pasti mereka semua cukup buat memenuhi kuota uji coba vaksin tsb",2025-05-31T21:13:19Z
82,@idhamdream4881,"ini bill gates dia pencipta softwere komputer, coy bukan orang medis wkwk",2025-05-31T19:56:51Z
83,@AbahGedang-u6w,Cing atuh dicoba di papua yanglikingkungana pabeuliyyt sngerweeh anggerweh...,2025-05-31T17:28:29Z
84,@AbahGedang-u6w,Bagaimana  nasib generasi nanti DNA na jadi kelenci,2025-05-31T16:34:59Z
85,@AbahGedang-u6w,Yang bener aja boss massa mau dibikin kelinci percobaan,2025-05-31T16:30:00Z
86,@AndreAja-j6j,Kenapa harus indonesia..yg menjadi uji coba....apakah sebaiknya  vaksin ini di ujicobakan pada ..wakil rakyat..,2025-05-31T16:27:30Z
87,@nachen3415,"KLO beneran... Kemenkes dan yang bekerja di pemerintahan dulu yang di vaksin... Di siarkan Live kita tunggu lah 2,3bulan apa eveknya. Lahhh baru lah rakyat percaya...ğŸ˜‚ğŸ˜…",2025-05-31T16:13:27Z
88,@ferdichanel_2000,Pembodohan semua,2025-05-31T14:40:34Z
89,@joedemark9129,JIKA IND NANTI MENJADI DARURAT TBC TAK MENUTUP KEMUNGKINAN AKAN ADA GERAKAN MARAH DARI RAKYAT UNTUK MENUNTUT PRABOWO DILENGSERKAN KRN SUDAH MEMBAHAYAKAN RAKYATNYA SENDIRI,2025-05-31T12:10:50Z
90,@GALUNK_GIBAM,"Kebodohan berbalut perlindungan.<br>Kepentingan berbalut perhatian.<br>Entah kata kata apa lagi yg cocok untuk menggambarkan aturan kebijakan yg dikeluarkan orang bodoh bertopeng sains.<br>Sudahilah arogansi pemaksaan kehendak mu.<br>Bukan cuma kau yg pintar dan merasa paling benar.<br>Jangan hanya karena kau terletak pada kekuasaan lantas hanya otak akalmu yg berfungsi waras.<br>Demi memuaskan dan mendapatkan cuan dari tagihan neraka(bill gates),kau korbankan rakyat mu.",2025-05-31T10:46:13Z
91,@ummip.a.z239,"Dicoba dulu untk menteri kesehatan,  seharusnya pejabat pejabat dulu baru rakyat .",2025-05-31T09:37:40Z
92,@ADFSOUNDSITEM,"Menkesnya kan udah dapat uang saku dari pencipta vaksinğŸ˜‚ğŸ˜‚ğŸ˜‚ğŸ˜‚ jadi lebih semangat dong kerjanyağŸ˜‚ğŸ˜‚ğŸ˜‚<br><br>Kami rakyat kecil ngk butuh vaksinn bosss..... butuh saya lapangan kerja,an bosssss.....   orang miskin sakit bukan karna firus booss..  tapi kerna ngk punya fulusss  makannya ngk seberapa mulusss gitu bosssğŸ˜¢",2025-05-31T09:34:19Z
93,@TuanKrab77,Menkes n klrganya yg di uji coba dl vaksinnya,2025-05-31T07:45:00Z
94,@adetaopikhidayatulrohman6841,Dibayar berapa pak,2025-05-31T04:12:58Z
95,@sfy-f1k,"TOLAK VAKSIN  MEREKA MAU MEMBUNUH UMAT ISLAM, PERANG SEKARANG BUKAN PERANG TERBUKA, INGAT ITU...!!!!!  mereka beragam dalih, covid yg lalu sdh banyak korban jadikan itu pelajaran, karna vaksin tsb tdk mempan, mereka merekayasa utk.lebih cepat menghabisi manusia",2025-05-31T01:56:53Z
96,@fredrikusbau3679,"Bertobat saja Bapak,,,,,Bapak punya Hati Nurani gak sih?????  <br><br>Kenapa Harus Indonesia yg Jadi tempat uji coba Pak? <br><br>Memangnya Saat ini Urgensinya Masyarakat Indo butuh sekali kah Vaksin &quot;Org Kaya&quot; itu? <br><br>Memang Bpk Tahu isi Vaksin itu Baik gak ?<br><br>Kok barang  uji coba punya Pa Bill Pribadi mau dicoba Di 1 Negara Indonesia yg Berdaulat ini??",2025-05-30T17:47:52Z
97,@adisalbini5579,Buat temen temen rakyat Indonesia yang bisa boboin tanpa menyentuh orang ini mesti dibobok manis kan selamanya supaya rakyat Indonesia selamat dari vaksin kejahatan yg sangat bengis untuk menghabisi rakyat Indonesia,2025-05-30T08:39:09Z
98,@adisalbini5579,Orang ini harus dibikin bobok manis pules selamanya baru rakyat Indonesia selamat dari tumbal pesugihan orang ini dan teman-temannya para pejabat elit yg haus akan uang uang nyawa rakyat yg ditumbalkan,2025-05-30T08:32:47Z
99,@niekdowersingin9696,Ya tes aja sama yang beneran kena TBC. Jangan semua rakyat yang divaksin,2025-05-30T07:45:16Z
100,@niekdowersingin9696,Bapak menteri aja dulu sama keluarganya yang divaksin.,2025-05-30T07:44:18Z
101,@angguntriyono7120,Preeeeetttt....,2025-05-30T07:23:00Z
102,@nurlailarakhmansyah7059,"Hoi, menkes. Sok tau pulak kau tentang penyakit. Berapa duit yg kau terima?",2025-05-30T07:15:53Z
103,@HotmaritoSihombing,Menkes nya aja duluan di vaksin,2025-05-30T06:17:06Z
104,@florianamaria8859,Mentri kesehatan seharusnya orang kesehatan.karna paham dunia kesehatan.,2025-05-30T04:40:43Z
105,@abdulsyakur361,"<b>ÙÙØ¨ÙÙ…ÙØ§â€‰â€‰Ù†ÙÙ‚Ù’Ø¶ÙÙ‡ÙÙ…Ù’â€‰â€‰Ù…Ù‘ÙÙŠÙ’Ø«ÙØ§ Ù‚ÙÙ‡ÙÙ…Ù’â€‰â€‰ÙˆÙÙƒÙÙÙ’Ø±ÙÙ‡ÙÙ…Ù’â€‰â€‰Ø¨ÙØ§Ù° ÙŠÙ°ØªÙâ€‰â€‰Ø§Ù„Ù„Ù‘Ù°Ù‡Ùâ€‰â€‰ÙˆÙÙ‚ÙØªÙ’Ù„ÙÙ‡ÙÙ…Ùâ€‰â€‰Ø§Ù„Ù’Ø§Ù Ù†Ù’Ø¨Û¢ÙÙŠÙØ§Ù“Ø¡Ùâ€‰â€‰Ø¨ÙØºÙÙŠÙ’Ø±Ùâ€‰â€‰Ø­ÙÙ‚Ù‘Ùâ€‰â€‰ÙˆÙ‘ÙÙ‚ÙÙˆÙ’Ù„ÙÙ‡ÙÙ…Ù’â€‰â€‰Ù‚ÙÙ„ÙÙˆÙ’Ø¨ÙÙ†ÙØ§â€‰â€‰ØºÙÙ„Ù’ÙÙŒâ€…â€† Û—â€†Ø¨ÙÙ„Ù’â€‰â€‰Ø·ÙØ¨ÙØ¹Ùâ€‰â€‰Ø§Ù„Ù„Ù‘Ù°Ù‡Ùâ€‰â€‰Ø¹ÙÙ„ÙÙŠÙ’Ù‡ÙØ§â€‰â€‰Ø¨ÙÙƒÙÙÙ’Ø±ÙÙ‡ÙÙ…Ù’â€‰â€‰ÙÙÙ„ÙØ§â€‰â€‰ÙŠÙØ¤Ù’Ù…ÙÙ†ÙÙˆÙ’Ù†Ùâ€‰â€‰Ø§ÙÙ„Ù‘ÙØ§â€‰â€‰Ù‚ÙÙ„ÙÙŠÙ’Ù„Ù‹Ø§</b><br><br>â€œMaka, (Kami hukum mereka) karena mereka melanggar perjanjian itu dan karena kekafiran mereka terhadap keterangan-keterangan Allah, serta karena mereka telah membunuh nabi-nabi tanpa hak (alasan yang benar), dan karena mereka mengatakan, Hati kami tertutup. Sebenarnya, Allah telah mengunci hati mereka karena kekafirannya, karena itu hanya sebagian kecil dari mereka yang beriman,â€ (QS. An-Nisaâ€™ 4: Ayat 155)",2025-05-30T03:13:40Z
106,@abdulsyakur361,"<b>&quot;INDONESIA PUNYA HUTANG BELASAN RIBU TRILIUN KALAU PEMERINTAH RI TIDAK MAMPU BAYAR KE ASING DAN ASENG JADI PEMERINTAHNYA HARUS MENEKAN POPULASI PENDUDUK DAN AKAN KAMI BUNUH DG VAKSIN TBC, KRN RI BUKAN NEGARA BERDAULAT DAN MSH BISA KITA PERAH RAKYATNYA DAN KITA PERMAINKAN PEMERINTAHANNYA, SAUDARA SAUDARA SAYA DI ROCKEFLER FONDATION SDH BERHASIL MENGHABISI RIBUAN MASYARAKAT INDONESIA DAN DG VAKSIN COVID 19  ITU DAPAT MENGHABISI NYAWA SEMUA ORANG DALAM SATU KELUARGA DAN KAMI SISAKAN SATU ANAK BUNGSU YG BERUSIA 5 TH, KAMI BELUM AKAN PUAS SEBELUM KAMI DAPAT MENEKAN PERTUMBUHAN POPULASI PENDUDUK YG MAYORITAS MUSLIM! KAMI MENDAPAT LEGALITAS DAN LEGITIMASI UNTUK BUNUH SEMUA ORANG YG KAMI KEHENDAKI DAN KAMI MAMPU MERAUP KEUNTUNGAN RIBUAN TRILIUN DARI BISNIS HARAM VAKSIN NAJIS SERTA ALAT ALAT MEDIS YG KAMI REKAYASA TERKAIT SERUM VIRUS TSB, KAMI BANGGA DG TEORI KONSPIRASI TERSEBUT UMAT MANUSIA MENDERITA DAN KAMI SANGAT KAYA RAYA&quot;</b> {BILL GATES}",2025-05-30T03:13:15Z
107,@kasmirunbudidaak7736,gak heran semua disetting kok<br>tipi tipu.,2025-05-30T02:01:10Z
108,@kasmirunbudidaak7736,ug jujur pak dokter jgn bohong. demi uang rakyat kau bunuh. dosa pak.<br>mana dampak cofit semua akal&quot; an .dg paksasn intimidasi.<br>contoh di ksmpung kami tdk suntik kovit kok pada sehat,2025-05-30T01:59:59Z
109,@kasmirunbudidaak7736,jgn mau di jdkn kelinci. percobaan. mentrix dulu. lo udah mati semua baru rakyat tau <br>0mong kosong alias tipu&quot;. giliran mematikan rskyat dilu.<br>kaya cofit cuma Dagangan,2025-05-30T01:49:21Z
110,@atmasaried,Jangan jadikan rakyat Indonesia sebagai kelinci percobaan Pak. Tuhan melindungi bangsa ini dari segala rencana jahat,2025-05-30T01:25:29Z
111,@parningotansimbolon7146,"Perlu di waspadai dgn vaksin TBC yg baru akan dilaksanakan ini, sebelum nantinya terlanjur di Vaksin..",2025-05-30T01:05:14Z
112,@segahrusdianto4740,Kita dijadikan kelinci percobaan bill gate dg vaksin TBC,2025-05-29T23:44:18Z
113,@nasirsinaga5414,Tuhan ENGKAULAH  yang melindungi kami dari semua kejahatan ini semuanya kami serahkan kefalam kuasa TANGANMU  amin,2025-05-29T23:37:58Z
114,@nasirsinaga5414,KEJAHATAN MEDIS,2025-05-29T23:34:33Z
115,@aguskagawa4572,Bpk menkes yg di vaksin dulu aja dechh,2025-05-29T22:38:20Z
116,@dothat8054,He is Playing GODğŸ˜¢,2025-05-29T21:23:52Z
117,@retno4221,Wahwahhh...vaksin ap lg yg akan DIMUNCULKAN ?????,2025-05-29T15:42:05Z
118,@baschono6582,Membunuh secara halus... Padahal mati hidup itu takdir tuhan,2025-05-29T14:59:14Z
119,@johanessambuaga,Menteri yang lebih pintar dari menteri amerika yang tolak vaksin,2025-05-29T13:16:16Z
120,@catrik_SH_MH,berikan fan uji coba pada pejabat&#39; Indonesia yg puta mental korupsi kronis ğŸ˜‚,2025-05-29T12:41:19Z
121,@Akunaing93,Gw sih ogah ğŸ˜‚ğŸ˜‚ğŸ˜‚,2025-05-29T12:19:36Z
122,@andisumantri2598,Kenapa tidak di trail di america malahan di indonesia hatus lebih waspada ada misi apakah ini ke rakyat indonesia,2025-05-29T11:40:41Z
123,@andisumantri2598,"Gara2 tbc itu pak menteri akibat rakyatnya banyak pikiran yg di buat oleh para pejabat yg korupsi sehingga rakyat yg merasakan penderitaannya ,negara kita harus nya kaya kalau tidak di koruptor ingat itu intinya vaksin covid juga di korupsi",2025-05-29T11:35:19Z
124,@kobotbejat9447,kalian adalah pahlawan kemerdekaan jika bisa meletakan lidah bgs enam meter dari tubuhnya,2025-05-29T11:03:13Z
125,@marcelt75,Menteri Kesehatan adalah Antek2 Elite Global. Saya lebih percaya ibu Siti Fadilah dan Bp.Dharma Pongrekun.,2025-05-29T10:56:08Z
126,@noviwonk3389,Pa mentri dulu d coba d vaksin mau,2025-05-29T10:43:29Z
127,@michaeldaud4326,"SECARA LANGSUNG MEREKA MEMBUNUH KITA SECARA PERLAHANğŸ˜¢<br>DI U.S SAJA DI UJI COBAKAN KEPADA RELAWA 3 ORANG SELAMA 3 TAHUN<br>DAN MEREKA PANTAU, KALO KALO VAKSIN INI TIDAK SESUAI DENGAB TUBUH 3 RELAWAN INI..",2025-05-29T09:33:09Z
128,@israelsimanjuntak4913,Hitung Menkes yang bodoh.....10 orang meninggal permenit seluruh Indonesia itukan gak jadikan suatu yang luar biasa .. Jangan ditakut-takuti oleh orang lain demi tujuan2 jahat mereka... orang meninggal akibat celaka mungkin lebih dari 10 orang per menit seluruh Indonesia. Lalu apakah semua kendaraan kita tiadakan saja....??? ğŸ¤¦ğŸ¤¦,2025-05-29T09:23:07Z
129,@muhamadyasin4353,Tolak .kalau buat jadi kelinci percobaan suruh aja para mentri dan keluarga nya..keluarga wowo .wiwi .gibran anggota DPR..kan dia takut sama TBC.,2025-05-29T07:34:16Z
130,@Lerus444,Menkes duluan vaksin menjadi contoh buat masyarakat. Biar masyarakat mengikutinya.,2025-05-29T06:41:19Z
131,@bethokbethok2330,Hai menkes dapat berapa juta dolar kamu dari orang kaya si bill...  <br>Demi jadi kerbau peliharaan barat <br>Rakyat di korbankan.,2025-05-29T04:43:28Z
132,@Fauzanmemetv,"Bisa ga di coba dlu di institusi kemenkes itu sendiri termasuk mentri n jajaran nya semua, terus pegawai negeri semua instansi seluruh indonesia n juga seluruh wakil rakyat termasuk presiden juga",2025-05-29T03:46:07Z
133,@yuliantirahimah1998,"Perhatikan juga lingkungan hidupnya...ğŸ˜¢ , klo bisa bantu buat ngerombak lingkungan hidupnya biar menjadi lingkungan yg sehat...sygnya aku gk bisa bantu krn aku orng menengah k bawah...ğŸ˜¢",2025-05-29T03:21:36Z
134,@Luculucu4n,"India saja menolak vaksin ini,ko kita mau..",2025-05-29T02:35:57Z
135,@marau753,Pa Menkes mungkin Tuhanmu  itu vaksin,2025-05-29T01:09:45Z
136,@Purunamas_Sound_Therapy,"di vietnam, keturunan penerima vaksin, banyak menderita autisme. waktu tahun 2000-2001 kerja sama dengan bill gates.",2025-05-29T00:57:37Z
137,@RiyantiUly,Dulu terpakas ikut vaksin covid...justru sekarang saya gampang sakit..kalo sakit pilek bisa berbulan2ğŸ˜Œ,2025-05-28T23:25:10Z
138,@AchmadFauzi-z8b,Rakyat ga perlu vaksin.silakan makan sendiri tuh vaksin,2025-05-28T23:04:56Z
139,@SihonoSihono-jn5xg,Keluarga mentri kesehatan aja yg disuntik vaksin tbc,2025-05-28T22:48:29Z
140,@SihonoSihono-jn5xg,Ya Alloh bimbinglah manusia kejalan yg benar,2025-05-28T22:45:06Z
141,@SihonoSihono-jn5xg,Banyak bohongnya,2025-05-28T22:42:21Z
142,@SihonoSihono-jn5xg,Orang kok seneng matiin orang mentri di pecat aja coba mentri di vaksin aja sendiri,2025-05-28T22:42:02Z
143,@randhikahapsoro,TOLAK VAKSIN BILL GATES...RAKYAT INDONESIA HARUS BERSATU....JANGAN DIBODOHI,2025-05-28T19:06:58Z
144,@novrizalrizal8152,"Tanpa data nih Menkes seenaknya bilang 100 ribu rajyat Indonesia meninggal garaÂ² penyakit TBC dan  Cacar bahkan per 5 menit 2 org meninggal di Indonesia akibat penyakit ini<br>Dulu proyek nya vaksin C19 skrg lanjut dg bisnis vaksin TBC yg selama ini tdk pernah buming skrg TBC sosialisasi <br>Mereka ini bagian dr Bill gates dlm bisnis farmasi Elite global <br>Coba yg meneliti bkn para ahli medis tetapi Universitas ( UI dan  Unpad ) scr global <br>Itu kapan, apa hasilnya dan  bgmn solusinya tidak pernah tahu,,,,, semenjak rezim berkuasa dr yg 2014 s/d skrg bisanya hanya bohong dan  merugikan Rakyat Indonesia saja",2025-05-28T17:46:25Z
145,@lanangewelas9237,Saya gk pernah vaksin alhamdulilah baik&quot; aja...<br>Virus ini hanya di bikin denga isu global menyerang otak manusia... mengenai sakit atau apapun semua manusia punya kekebalan tubuh masing&quot; sejak lahir,2025-05-28T16:44:58Z
146,@luqmanharun4312,TOLONG VAKSIN ITU DI COBA KE KELUARGA NYA BUDI GUNADI ITU,2025-05-28T15:11:53Z
147,@billborneoentertaiment433,"Kami Usul yg diuji coba untuk disuntik Vaksin TB agar adil urutannya: Donald Trump, Bill Gates, Elon Musk, PM Israel, PM Inggris, Presiden dg keluarganya, Anggota DPR dg keluarganya., Menteri Kesehatan dg Keluarganya, keluarga 9 Naga , Aparat dan keluarganya <br><br>Kalau sdh teruji hasilnya baru giliran kami rakyat jelata.",2025-05-28T14:47:20Z
148,@kumalafitriasari7949,Menkes ni orang medis gak sih sbnernya ??,2025-05-28T14:26:01Z
149,@milanistirio2086,"Intinya ya pak menteri yg TERHORMAT sy cuma mau mengingatkan bhw SEGALA SESUATU YANG KALIAN LAKUKAN, SEMUA AKAN DIPERTANGGUNG JAWABKAN DIHADAPAN ALLAH SWT, di dunia mgkin kalian bisa tenang. Tp ingatlah akhirat tempat kalian menuai semuanya.",2025-05-28T14:20:39Z
150,@sampesitumorang,Konspirasi GLOBAL yang didalangi KERAJAAN SETAN/IBLIS  MENJELANG HARI PENGHAKIMAN ( Zefanya 1 : 15 ).,2025-05-28T14:05:47Z
151,@abbe87,Kalo mau  Budi gunadi Sadikin  dulu yang coba<br>Dan liat hasilnya setelah satu tahun<br>Buat anak ko coba coba,2025-05-28T12:46:09Z
152,@amirudin_amd7448,jangan percaya apa yang dia sampaikan ğŸ˜‚,2025-05-28T12:44:08Z
153,@AGUSTIAMANDASARI,Pa menteri dulu yg di pakai uji coba,2025-05-28T12:42:48Z
154,@akubajkan36,bapak aja dulu yang di vaksin tbc pak,2025-05-28T12:27:32Z
155,@miminmintarsih186,"menkes bg itu board member gavi punya nya bill gates. ya iya dia gak terima duit. gak mungkin. periksa kpk aliran duitnya, tangkep kl terbukti. dia jelas ud jadi pengasong agenda enjus bill gates. rakyat dikorbanin demi keuntungan pribadi. belum lagi si menkes bg ini kabur soal enjus kopid yg bikin kipi dari yg lumpuh smp yg meninggal. kontrak perjanjian big pharma yg gak dibuka. semua ini ud jelas menkes bg ini pengkhianat bangsa yg harus dipidana.",2025-05-28T12:20:47Z
156,@UkRimUkRim-b2v,"Bapak aja, yg pertama di Suntik/vaksin dan pejabat lainnya sbg contoh ,baru rakyatnya",2025-05-28T12:04:49Z
157,@Jasmerahri,"Kalian aja yg mencoba, <br>Kita punya rempa rempah itu semua bisa buat obat, <br>Kenapa kalian ga mencoba yg koruptor aja dulu<br>Itu hnya kepentingan kalian aja , kami rakyat udah bosan dengan kalian pejabat",2025-05-28T11:59:54Z
158,@tetapteman,"(THE DEBATE IS OVER : &quot;BGS BUKAN Orang yg PAHAM Dunia Kesehatan, Dirinya adalah Sosok yg Meminta agar Indonesia jadi Relawan Vaksin TBC, BUKAN Bill Gates yg meminta, Dirinya adalah Tokoh pd Sebuah Badan yg Bekerjasama dg WHO utk Meraup Cuan Meskipun Rakyat jadi Taruhan. Silahkan Kau Berbuat Sesuka Hatimu BGS, NAMUN HARUS Kau INGAT Bahwa ALLAH Azza wa Jalla Maha Berkuasa atas Segalanya!!!&quot;.)",2025-05-28T11:45:55Z
159,@topapunjung-xr3vu,tanya rakyat jangan abdi negara...,2025-05-28T10:50:04Z
160,@yunisuryani2104,Vaksin aja libih dulu pak mentri dan presiden,2025-05-28T10:37:34Z
161,@omanabdurahman5240,Knp d Indonesia  keena  orang2 atau rakyat Indonesia blooon bodoh maka jadi uji coba kelinci eaktat Indonesia d anggap kelinci  .. Tolak Tolak  Tolak,2025-05-28T10:06:35Z
162,@SudahlahGesss,"Kalau ada pesawat lewat -lewat diatas rumah kalian kemungkinan mereka sedang menyebarkan virus TBC. Untuk apa??, ya untuk agar kita dipaksa mau jadi kelinci percobaan vaksin tbc billgates.",2025-05-28T09:28:08Z
163,@MatiusKasimun,Kalau di paksakan vaksin TBC rakyat pasti demo ke pemerintah,2025-05-28T08:41:22Z
164,@MatiusKasimun,Terserah yang mau saja jangan seperti vaksin covid dulu,2025-05-28T08:36:41Z
165,@RafNi-t4h,"Terik basi, rakyat Indonesia tdak bisa di bodohi lagi ğŸ˜…",2025-05-28T07:21:24Z
166,@oke21261,Membunuh bangsa indonesia  secara perlahan <br><br>Jangan mau di jadikan kelinci percobaan<br><br>Ini permainan elit global. Kita selalu di perbudak ..  <br><br>Berpikirlah yang cerdas jangan mau jadi orang BODOH DAN IDIOT .,2025-05-28T07:13:11Z
167,@putrabuton510,sebaiknya para mentri dan pejabat di indonesia yang di cobakan dahulu baru rakyarnya krn mereka wakil rakyat indonesia,2025-05-28T05:47:30Z
168,@mahdibvdl6483,Saat convid itu orang terkena corona setelah di vaksin..,2025-05-28T05:47:02Z
169,@JhonBora-u3i,ini manusia /pa an siih?.  yg jls ini ngawwwuuuurrrrrrr.. negara ny sndiri aja gk mo trima vksin ny america.. biilgetes itu pengusaha boosss bukan ilmuan kesehatan. paham smp situ...,2025-05-28T05:39:18Z
170,@Brajamuktibraja,"Indonesia menduduki peringkat 2 jumlah TBC dunia, setelah India. uji ini sudah fase 3, artinya sudah dilakukan 2 kali fase, jadi saya yakin faksin TBC fase 3 akan  aman justru sudah sama dengan vaksin yang sebenarnya.  seperti  uji vaksin Covid 19/Zifivax  fase 3, dari Cina  dan ternyata berhasil dan menjadi salah satu vaksin Covid yang direkomendasikan PBB. Mengapa dilakukan di indonesia karena kita paling banyak TBC, dan vaksin ini tidak akan membunuh, justru mereka yang terkena TBC  yang sedang dalam masalah serius. (kebetulan saya termasuk tim  yang terlibat dalam penelitian covid/zefivax di  Bandung. dari hasil uji vaksin itu didapati 85-90 % yang di uji coba vaksin Covid zefivax terjadi peningkatan imun tubuh untuk covid. tidak ada kasus yang sakit serius atau meninggal karena vaksin uji coba waktu ini. <br>kalau kita diam dan hanya takut dan takut, maka kita akan mati tanpa melakukan apapun. apakah ini yang akan kita jalani. Maju terus uji vaksin TBC, saya sendiri bersedia di vaksin.",2025-05-28T04:33:16Z
171,@dedirusni2693,Rakyat Sudah Di Korban kan . Ter lalu ter gesa2 Demi Dana Masuk Ke indo,2025-05-28T03:07:50Z
172,@Marth-vt3nl,Rakyat dijadikan kelinci percobaan.,2025-05-28T01:52:55Z
173,@JefreyKaJef,Mana yang 100 ribu tiap Tahun  itu data nya dapat dari mana . .awas anti Kristus,2025-05-28T01:44:33Z
174,@aanndombos7496,Halu,2025-05-28T01:08:11Z
175,@indraindra7864,"<a href=""https://www.youtube.com/watch?v=xp5dQU8QJyU"">https://youtu.be/xp5dQU8QJyU?feature=shared</a>",2025-05-28T01:02:54Z
176,@Alulaaisila17,Loh mau korbankan rakyat kecil teryata lebih baik vaxcin untuk anda dan keluarga aja,2025-05-28T00:19:29Z
177,@Alulaaisila17,Udh buat keluarga anda aja pak menkes jangan rakyat di pk uji coba masalah kematian allah yg maha tau kami rakyat tdk percaya vaxcin saya percaya allah swt jangan korbankan rakyat kecil,2025-05-28T00:18:29Z
178,@KurniaJaya-b2q,"Indonesia memang banyak pengidap TBC, pak Menkes ada benarnya, beliau juga sudah pernah sukses mengelola penanganan COVID 19. Semua ada advantages dan disadvantages, efek samping selalu ada, tinggal sudut pandang positif yg dibutuhkan bukan apriori. Ada kesempatan, peluang, dan efek samping, semestinya itu yg harus diantisipasi.",2025-05-27T23:45:07Z
179,@SatriaBagus-g3w5q,Ujung - ujungnya asing ada kepentingan bisnis di Indonesia.,2025-05-27T23:26:51Z
180,@DESAADATMBD,"apakah vaksin adalah solusi terbaik, jangan-jangan ini adalah konspirasi global untuk merusak generasi indonesia agar indonesia kehilangan bonus demografinya",2025-05-27T23:12:49Z
181,@cilacapfurniturechanel6925,"Yang Penting tanggung jawab harus ada perjanjian di atas materai.. bahwa pemerintah siap mengganti rugi 100 milyar untuk 1 jiwa manusia apa bila vaksin itu menimbulkan efek buruk nantimya / karena kita ga tahu kandungan vaksin itu isinya apa kita ga pernah tau , yang tau mereka dan kelompoknya",2025-05-27T21:27:31Z
182,@NumberNUMBERRR-y3q,INTI  NYA   SUDAH  20  TAHUN    PESAWAT   JET   BAWA    AWAN   ASAP  RACUN   PUTEH  DI  UDARA   TERJDI   HUJAN    TURUN   ????   APA  TERJDI  PADA   MANUSIA   ????   RACUN  RADISI... VIRUS... APA   FLU...COVID...  BLAA...BLAAAA....GERAKAN  YAHUDI  BARAT   WHO    BILL  GATES... ROTCHIL..ROTKVILER...,2025-05-27T20:55:02Z
183,@gebework2933,"ya uji coba namanya itu pak, sampean aja yg duluan divaksin,dan yg tdk mau dipaksin ya bolehÂ² kenapa mesti maksa ?? saya tdk vaksin covid19 sekali pun, sampai hari ini msh hidup, umur bukan di tangan vaksin",2025-05-27T19:03:51Z
184,@christlord71,Masalahnya vaksinnya masih &quot;vaksin uji coba&quot; bambang...,2025-05-27T17:27:13Z
185,@Cahgelen,"Masyarakat jangan kau bohongi pak mentri, masyarakat trauma dgn covid yg diciptakan bill Gates",2025-05-27T16:28:50Z
186,@Cahgelen,Ganti aja mentri kesehatan ini,2025-05-27T16:24:07Z
187,@Bintang12286,Sudah lama di daerah saya tidak terdengar yg namanya tbc.,2025-05-27T16:16:52Z
188,@RamidinRa,Kematian takdirnya alloh yg sudah ada di manusia ada mati ada sakit ada seht ada susah ada kaya,2025-05-27T15:50:33Z
189,@RamidinRa,Politik biologis nya luwar biyasa hati2 rakyat indonesia,2025-05-27T15:48:38Z
190,@fariqmaulana-h1w,Para ahli dan dokter aja dulu yg divaksin... menteri.kok.goblok,2025-05-27T15:38:13Z
191,@rennederiawan5649,"Bohong, di sini ga ada yg di vaksin covid sekali juga, pada sehat2 saja.",2025-05-27T14:50:36Z
192,@HasanudinPtr,"Tetep aja urusan nya bisnis, <br>Urusan mati urusan Tuhan yg kuasa",2025-05-27T14:22:33Z
193,@AgusSalim-zw7tb,Diindonesia dari dulu tiap jam ada orang mati. Tapi pas waktu corona. Orang mati banyak yg di vonis corona. Buat nakuti2 dan menjerat rakyat biar vaksinğŸ˜¢,2025-05-27T14:14:15Z
194,@adityaananda1994,kemenkes sama keluarga nya aja di suntik vaksin tbc...jgn rakyat di harus kan,2025-05-27T13:32:04Z
195,@WASTARIHERI-l3x,"Waduhhhhh,,acak acakan,,,kasihan tuhhhh MENKES,,,ikut DOSA,,,heeeeeee<br>Menteri tuhhhh Pembantu,,,?!?!!!",2025-05-27T13:27:22Z
196,@ahmadhasanbaktir7540,Kok masalah kesehatan kita di atur2 oleh negara lain..pejabat2 ini pada takut mati makanya apa ditawarkan asing diterima aja.,2025-05-27T13:21:08Z
197,@ahmadhasanbaktir7540,Banyak omong aja.dikira dia yg paling pintar.rakyat sdh cerdas.jangan mau dipermainkan.kemarin aja banyak dikorupsi uang utk covid sampai trilliunan..suntik aja dirimu dan orang2 di pemerintah.,2025-05-27T13:09:20Z
198,@yih1818,mengerikan sekali ini kalau dilakukan... mau membunuh populasi manusia.,2025-05-27T12:15:00Z
199,@dannyirwandi,Wajah setanğŸ˜ˆ,2025-05-27T12:01:40Z
200,@prasadjasindhuwinata7185,Ayo pak Menkes disuntikn pertama.<br>pasti menolak,2025-05-27T11:32:52Z
201,@djokoeslawu876,ğ¦ğšğŸğ¢ğš ğ¯ğšğ¤ğ¬ğ¢ğ§..<br>ğ¢ğ§ğğ¨ğ§ğğ¬ğ¢ğš ğ£ğ®ğ ğš ğ§ğ ğğ«ğ¢ ğ¦ğšğŸğ¢ğš ğ€ğ‹ğŠğ„ğ’...ğğšğ§ ğ¬ğ®ğğšğ¡ ğ›ğšğ§ğ²ğšğ¤ ğ²ğšğ§ğ  ğğ¢ ğ­ğšğ§ğ ğ¤ğšğ©.,2025-05-27T11:16:27Z
202,@iwayansana632,Bagaimna kalau yang di uji coba orang2 kemenkes dahulu ?,2025-05-27T10:40:22Z
203,@HelveridaSiahaanh,Bapak saja dulu di vaksin baru kami ikut,2025-05-27T09:12:11Z
204,@rianar2547,"Maaf Indonesia bukan negara miskin, negara kaya,yg bikin miskin adalah para koruptor",2025-05-27T07:12:43Z
205,@dewianna3475,"Gak semua masyarakat mampu menerima ilmu seperti ini,  lebih tepatnya uji klinis, saya lebih percaya pada penelitian UI, UNPAD, dan upaya Pak menteri, fakta Indonesia ranking ke 2 di dunia tingkat kematian akibat TBC, ini harus dikeloka dan dicegah dg baik tindakan preventif lain bisa tanpa vaksin yaitu jaga kebersihan, kesehatan dan imunitas tubuh, semuanya pilihan mau ikutan uji klinis monggo jaga imunitas monggo, jangan selalu negatif.... terus, carilah sumber2 informasi dan ilmu, banyak banget kalau memang mau belajar",2025-05-27T06:07:42Z
206,@kahargowa1476,Pak menteri kesehatan sj dan yg mendukung program ini yg di vaksin,2025-05-27T05:41:43Z
207,@SyaftaWarman,Uji coba pertama ya ke MENKES. Kegiatan penyuntikan nya ditayangkan oleh semua statiun TV swasta dan nasional di Indonesia. Baru kami mau di vaksin.,2025-05-27T05:02:05Z
208,@cortezdominick5197,"Coba dia sebut dua org yg meninggal wkt mereka lagi bicara?.<br>Terus simple saja klo memang si menterinya mau  masyarakatnya di vaksin, ayoooo kita vaksin sama2 dengan semua org di Indonesia, termasuk mentri2 dan anggota dpr, jgn mereka blg mereka sdh d vaksin dgn di video, kita vaksin rame2 dan random, berani ga?",2025-05-27T04:48:26Z
209,@gambarasal5486,Kopet njlapett,2025-05-27T04:37:11Z
210,@shortyt1222,Menkes udah kek tuhan...semoga secepatnya di cabut malaikat maut,2025-05-27T02:07:17Z
211,@shortyt1222,Drama dajjal,2025-05-27T02:02:13Z
212,,"Uji coba ke keluarga si baru putih tua bangka aja, ama keluarga2 menteri baru ke rakyat",2025-05-26T23:34:17Z
213,@WahyudiYudi-p7z,Makanya<br>Pilih pemimpin itu yg cerdaslah !!!<br>Gimana sdh rasakan toh pilihan presiden kalian,2025-05-26T23:13:56Z
214,@ujangsuhendar7230,Bapak dulu di vaksin,2025-05-26T21:26:44Z
215,@sundjithe158,"Oh omong doang   <br>Saya korban vaksin  Corona,,ngk ada yg peduli,,,duit doang di pikirin,,,klo bisnis bukan gini",2025-05-26T14:01:46Z
216,@Apandi-w5c,Yg pasti bisnis pak.,2025-05-26T13:52:07Z
217,@almuht4r,Vaksin jadi juru selamatğŸ˜±<br>Vaksin menjadi Tuhan BaruğŸ¤¨<br><br>Debat terbuka dengan komjen dharma pangrekun  di tungguâœ”ï¸,2025-05-26T12:45:29Z
218,@savoyyt5387,Yang di atas jangan lah tipu tipu klo saya tolak ya .. jangan di paksa vaksin lah,2025-05-26T12:32:58Z
219,@Herwanto-u9g,"Kasihan indonesia negara miskin ,kaya afrika ya pak terus jadi kelinci percobaan..,berarti mau mengurangi penduduk yg miskin yg tdk berguna di dunia",2025-05-26T11:04:58Z
220,@hannatirayoh2945,"Sudah puluhan tahun di Indonesia sdh ada obatÂ² TBC, sembuh kembali.. <br>ğ—§ğ—¼ğ—¹ğ—®ğ—¸ ğ˜ƒğ—®ğ—¸ğ˜€ğ—¶ğ—» ğ—§ğ—•ğ—–",2025-05-26T10:43:38Z
221,@sudo-wk1xy,Kambing yang lahir ga di faksin buktinya aman saja.lha ini manusia yang notabene makhluk cerdas kok malah bikin penyakitğŸ˜…,2025-05-26T10:33:29Z
222,@AlanArvan,Pak menkes kalau bisa mau di jadi tes kelinci saran saya semua anggota DPRD aja biar masyarakat bisa liat hasil jdi di jdikan uji coba untuk masyarakat,2025-05-26T08:23:40Z
223,@ortusena,Kompetensinya Ekonomi pinter bicara seluk beluk kesehatan.. hebat ya,2025-05-26T08:02:08Z
224,@SopiahRani,"Covid aja , conspirasi Dajjal , ini ga jauh beda ya pak Mentri ?",2025-05-26T07:55:26Z
225,@SopiahRani,"Saya ga tertarik pak ,udah aja keluarga bapa ,kan yg mnikmati uang ,klarga pa Mentri ,",2025-05-26T07:51:44Z
226,@SopiahRani,"Hemat saya , kalo mau percobaan vaksin tbc ,keluarga Menkes aja , jangan melibatkan masyarakat pak , ?",2025-05-26T07:43:06Z
227,@masyarmaarif8864,"Uji coba kangker sama uji coba tbc jangan disamain, kangker itu gk ada obatny dan perawatannya mahal, jadi wajar aja klo memang dicari. Tapi tbc kan ada obat nya",2025-05-26T07:06:09Z
228,@Moh.TheofilusAminudin,Hadirkan Dharma Pongrekun vs Menkes Budi Gunadi Sadikin,2025-05-26T05:02:03Z
229,@W.PangestuTyas,"Kita rakyat ga perlu vaksin TBC... coba ke bapak dan keluarga dan orang pemerintahan dulu lah, klo kita ga perlu vaksin uji coba!!!  Vaksin dari bill gatesğŸ˜ŠğŸ˜ŠğŸ˜Š bijak sekaliiiii!!",2025-05-26T04:50:54Z
230,@Tehpoci22,Mending negara menyumbangkan vitamin yg dibutuhkan rakyat drpd vaksin yang blm jelas dan blm tentu tubuh kita menerimannya...rakyat kok buat coba&quot;...,2025-05-26T04:38:38Z
231,@kabarkabarin959,Yang vaksin jadi mudah sakitan,2025-05-26T01:57:29Z
232,@kabarkabarin959,Yang sehat saja di paksa vaksin seminggu malah mati<br>Sedangkan saudaranya yang ga ikut vaksin masih idup sampai sekarang,2025-05-26T01:56:30Z
233,@Masari805,Yg mempromosikan vaksin iblis ini...dosa sudah positip tinggal nunggu karma instan nya aja... Semoga selamat dari itu kalian yaa..,2025-05-25T22:23:17Z
234,@Masari805,Sekarang ini kami hanya menunggu pengumuman lucu pemerintah yang menyatakan <br>(Indonesia darurat TBC) <br>Dan masyarakat wajib vaksin.<br>Dan rumah sakit seluruh ndonesia ikut andil.. ğŸ˜‚ğŸ˜‚ğŸ˜‚<br>Negara lucu...,2025-05-25T22:18:23Z
235,@NyunyunBoszeHureng,Silahkan klo mau vaksin uji coba dr kemenkes sendiri,2025-05-25T19:00:35Z
236,@chaeruddinaddin8341,Menkes pasti dpt uang dan paksaan dari pemerintah dan bile gate dan WHO bohong itu buat menyelamatkan rakyat dgn keuntungan mereka,2025-05-25T14:38:34Z
237,@chaeruddinaddin8341,"Teror WHO dan bely gate untuk menguji coba obat TBC kpada rakyat Indonesia klinci percobaan ,jika pemerintah memaksakan vaksin TBC pasti ada krusuhan masal dan perlawanan.karena tetap  pemaksaan.ğŸ˜‚ğŸ˜‚ğŸ˜‚ğŸ˜‚ğŸ˜‚ğŸ˜‚ğŸ˜‚ğŸ˜‚ğŸ˜‚ğŸ˜‚ğŸ˜‚ğŸ˜‚ğŸ˜‚ğŸ˜‚ğŸ˜‚ğŸ˜‚ğŸ˜‚ğŸ˜‚ğŸ˜‚ğŸ˜‚ğŸ˜‚",2025-05-25T14:36:15Z
238,@sarepfala8145,Pala kauğŸ˜‚,2025-05-25T13:27:54Z
239,@herman.mabada,"HILIH, PREEETTT.",2025-05-25T12:27:24Z
240,@stifanfanus8800,"Kalau anda berkata vaksin itu, sudahkah anda vaksin?<br>Atau hanya mau mengorbankan rakyat,",2025-05-25T11:10:59Z
241,@stifanfanus8800,"Kalian yang bikin masalah, kalian pula yang berikan solusi. Sok soan bilang vaksin itu baik, berapa uang bapa terima dri Bill Gates.",2025-05-25T11:09:44Z
242,@afrizalrizal2472,"Ada cara yg efektif supaya masyarakat indonesia tidak was was dgn vaksin tbc ini. <br>Pertama : Coba dulu ke Wapres, Menteri Kesehatan &amp; seluruh menteri lainnya, ke seluruh anggota DPR &amp; DPRD, Para Jenderal polisi aktif. Lalu tunggu hasilnya atau reaksinya selama minimal 6 bln. Lakukan secara transparan dihadapan seluruh stasiun TV. Kalau aman baru diberikan ke masyarakat yg terkena tbc saja. Ini mungkin saran yg perlu dipertimbangkan. Merdekalah NKRI ku dari jajahan pihak asing.â¤â¤â¤",2025-05-25T10:57:29Z
243,@yuniko7618,Tanggung jawab dunia akhirat lho pak,2025-05-25T09:34:11Z
244,@zanetaeta5937,"Zaman covid 19 berlalu enggak sempat beli lahan murah akibat banyak yang bangkrut,semoga punya kesempatan lagi",2025-05-25T08:26:24Z
245,@thelight324,"Para pejabat duluan,garda terdepan.baru masyarakatğŸ˜‚ğŸ˜‚",2025-05-25T03:57:41Z
246,@cahaya-2,tbc itu tidak menular tbc itu hanya alergi yang disebabkan oleh lingkungan kotor atau tempat yang kumuh sebagai bangsa indonesia kita harus cerdas jangan mau diarahkan oleh bangsa asing awas kedepannya tbc ini bakal dibesar-besarkan seperti covid-19 dan awas jangan pada mau divaksin vaksin hanya menjadi penyakit di masa yang akan datang vaksin itu sudah direncanakan dan di-setting dan vaksin hanya taktik licik dari elite global yang ingin menghancurkan dan merusak nkri semua harus waspada elite global sudah menguasai dan mengontrol ekonomi di seluruh dunia sekarang melalui kesehatan global sekedar informasi bahwa bill gates itu anggota elite global dan anggota illuminati semua harus paham dan tahu bahwa indonesia atau nusantara ini jadi incaran maka berbagai cara mereka lakukan dari sisi ekonomi maupun kesehatan sekali lagi ingat vaksin apapun itu hanya akal-akalan mereka dan ingat pada kaum elit di negeri ini jangan menjadi penjilat mengorbankan bangsa rakyat negeri ini demi keuntungan,2025-05-25T02:53:24Z
247,@HensyMamahit,Mbak Rosi tolong undang pak menkes dan pak Dharma pongrekun untuk berdebat masalah kesehatan.ğŸ™,2025-05-25T02:11:33Z
248,@scopypragmatic2889,Cacar apa yang mematikan,2025-05-25T01:18:56Z
249,@rayasaraya1,Kenapa gak di coba dinegara nya aja,2025-05-24T18:59:28Z
250,@CheppyHidayat-z3n,"(<a href=""https://www.youtube.com/watch?v=GG-sRJM_jLE&amp;t=273"">4:33</a>) &quot;Kalau sukses&quot; ya Pak Menteri, kalau tidak ?, disinilah tekanannya bahwa kami jadi kelinci percobaan.",2025-05-24T14:57:36Z

